Molecule,Atoms,Cartesian_DOF,Compact_qubits,Compact_dimension,Dense_Hessian_float64_MiB,Full_structured_Pauli_list_MiB,Dense_complex_unitary_MiB
Anatoxin-a,27,81,7,128,0.05005645751953125,0.125,0.25
Aflatoxin B1,35,105,7,128,0.08411407470703125,0.125,0.25
Saxitoxin,38,114,7,128,0.099151611328125,0.125,0.25
Tetrodotoxin,39,117,7,128,0.10443878173828125,0.125,0.25
Ricinine,20,60,6,64,0.0274658203125,0.03125,0.0625
Patulin,17,51,6,64,0.01984405517578125,0.03125,0.0625
Ochratoxin A,46,138,8,256,0.145294189453125,0.5,1.0
Zearalenone,45,135,8,256,0.13904571533203125,0.5,1.0
T-2 toxin,67,201,8,256,0.30823516845703125,0.5,1.0
Citrinin,32,96,7,128,0.0703125,0.125,0.25
