Molecule,Atoms,DOF,Compact_qubits,Suzuki_order,Repetitions,Retained_pair_couplings,Total_pair_couplings,Pair_rotations_per_step,Pair_rotations_full_trajectory,ST4_compile_s,ST4_propagation_s,ST4_total_s,Spectrum_cosine_vs_exact,Spectrum_NRMSE_vs_exact,Spectrum_max_abs_error,Spectrum_integrated_abs_error
Anatoxin-a,27,81,7,4,1,3240,3240,32400,132678000,0.22625979999429546,0.2606093999929726,0.4868691999872681,0.9999951018873661,0.00033398362637181384,0.004806325138115297,0.0007824192972443893
Anatoxin-a,27,81,7,4,2,3240,3240,64800,265356000,0.4555480999988504,0.2712348000204656,0.726782900019316,0.9999999790525428,2.1841253040342047e-05,0.00031399537902265795,5.0994570229414285e-05
Anatoxin-a,27,81,7,4,4,3240,3240,129600,530712000,0.9093220000213478,0.2688174999784678,1.1781394999998156,0.9999999999163376,1.3803105071667137e-06,1.9843084378412534e-05,3.220557013491418e-06
Aflatoxin B1,35,105,7,4,1,5460,5460,54600,223587000,0.3835460999980569,0.25038990000030026,0.6339359999983571,0.9999999630862189,4.701127423982767e-05,0.000441159737598229,0.00011521127807741997
Aflatoxin B1,35,105,7,4,2,5460,5460,109200,447174000,0.7929942999908235,0.26641669997479767,1.0594109999656212,0.999999999846754,3.029021104018847e-06,2.8418010625863577e-05,7.405716569250837e-06
Aflatoxin B1,35,105,7,4,4,5460,5460,218400,894348000,1.6916417999891564,0.24831619998440146,1.939957999973558,0.9999999999993923,1.9074986863265135e-07,1.7897347324713486e-06,4.660957355123339e-07
Saxitoxin,38,114,7,4,1,6441,6441,64410,263758950,0.5219513999763876,0.27455319999717176,0.7965045999735594,0.9999950771056486,0.00040206444092310574,0.004068127148995293,0.0011547236593551378
Saxitoxin,38,114,7,4,2,6441,6441,128820,527517900,1.0414255999785382,0.2790977999975439,1.3205233999760821,0.9999999781506028,2.6785223122832322e-05,0.00027404544630482697,7.660485282407257e-05
Saxitoxin,38,114,7,4,4,6441,6441,257640,1055035800,2.1476903000148013,0.2748384000151418,2.422528700029943,0.9999999999119271,1.7005715683535114e-06,1.7433553648138478e-05,4.858438412368052e-06
Tetrodotoxin,39,117,7,4,1,6786,6786,67860,277886700,0.6001779000216629,0.3042405000014696,0.9044184000231326,0.9999928285788726,0.0006846344810486078,0.006578421665905609,0.0014543047845399786
Tetrodotoxin,39,117,7,4,2,6786,6786,135720,555773400,1.2293359000177588,0.30427600000984967,1.5336119000276085,0.9999999676852183,4.59573349076291e-05,0.0004385434495609575,9.71435191280654e-05
Tetrodotoxin,39,117,7,4,4,6786,6786,271440,1111546800,2.4212528000061866,0.2966737000097055,2.717926500015892,0.9999999998693161,2.922571762188132e-06,2.7863332971000965e-05,6.172678262874445e-06
Ochratoxin A,46,138,8,4,1,9453,9453,94530,387100350,0.8006560000067111,0.298257399990689,1.0989133999974001,0.9999923849626662,0.0007421700433599774,0.010186562606725458,0.0010298986773093458
Ochratoxin A,46,138,8,4,2,9453,9453,189060,774200700,1.5876295999914873,0.3047103999997489,1.8923399999912363,0.9999999659036768,4.966121587537035e-05,0.0006824387613105776,6.838544004944125e-05
Ochratoxin A,46,138,8,4,4,9453,9453,378120,1548401400,3.1772753999975976,0.3012072999845259,3.4784826999821234,0.9999999998623027,3.1559172486324977e-06,4.3381849598400635e-05,4.337692645769505e-06
Curcumin,47,141,8,4,1,9870,9870,98700,404176500,0.8226961999898776,0.297912100009853,1.1206082999997307,0.9999924128293188,0.0007231948487837752,0.009201083277710853,0.0010925634177074946
Curcumin,47,141,8,4,2,9870,9870,197400,808353000,1.6512405000103172,0.2940816000045743,1.9453221000148915,0.999999965911308,4.8474959604087934e-05,0.0006215711476591501,7.291976165262936e-05
Curcumin,47,141,8,4,4,9870,9870,394800,1616706000,3.2966339999984484,0.3087455999921076,3.605379599990556,0.9999999998622491,3.0814820712865876e-06,3.954518586368749e-05,4.629361471473517e-06
Zearalenone,45,135,8,4,1,9045,9045,90450,370392750,0.7490033000067342,0.290647199988598,1.0396504999953322,0.9999493597067906,0.0010797952400895877,0.01419362572085292,0.003130405491372051
Zearalenone,45,135,8,4,2,9045,9045,180900,740785500,1.5161931999900844,0.29425790000823326,1.8104510999983177,0.9999997747908583,7.200725547410551e-05,0.0009432812433749493,0.0002090473949341228
Zearalenone,45,135,8,4,4,9045,9045,361800,1481571000,3.0272873000067193,0.2954158000065945,3.322703100013314,0.9999999990919949,4.572215472516831e-06,5.9959529699393777e-05,1.3271704069889332e-05
Ricinine,20,60,6,4,1,1770,1770,17700,72481500,0.12920359999407083,0.2649560999998357,0.39415969999390654,0.9999998184415043,9.616158174041141e-05,0.0011027375316972066,0.0002547839925302222
Ricinine,20,60,6,4,2,1770,1770,35400,144963000,0.2618265000055544,0.2634623000049032,0.5252888000104576,0.9999999992463259,6.195612358766099e-06,7.130966288793061e-05,1.641765755754098e-05
Ricinine,20,60,6,4,4,1770,1770,70800,289926000,0.5336125000030734,0.26267679999000393,0.7962892999930773,0.9999999999970116,3.901521211372809e-07,4.493582079545533e-06,1.0338574077172183e-06
Patulin,17,51,6,4,1,1275,1275,12750,52211250,0.09523769997758791,0.2593157999799587,0.3545534999575466,0.9999859620516865,0.000666276197231629,0.009555395122580301,0.0013696256868033592
Patulin,17,51,6,4,2,1275,1275,25500,104422500,0.19342200001119636,0.2583159999921918,0.45173800000338815,0.9999999368470511,4.4689868445991605e-05,0.0006410580437126168,9.157282931028473e-05
Patulin,17,51,6,4,4,1275,1275,51000,208845000,0.3852665000013076,0.25971700000809506,0.6449835000094026,0.9999999997446366,2.8417904166864414e-06,4.076817689591117e-05,5.818188164588379e-06
T-2 toxin,67,201,8,4,1,20100,20100,201000,823095000,1.6733023000124376,0.2882067000027746,1.9615090000152122,0.9999772093237308,0.0010591203320971818,0.014855509146143087,0.0015219663824194017
T-2 toxin,67,201,8,4,2,20100,20100,402000,1646190000,3.3378289000247605,0.28713330000755377,3.6249622000323143,0.9999998937750221,7.230492242518537e-05,0.0010137014795198462,0.00010347598056869159
T-2 toxin,67,201,8,4,4,20100,20100,804000,3292380000,6.720727999985684,0.2832850000122562,7.00401299999794,0.9999999995668521,4.617126868896513e-06,6.473485333347018e-05,6.602480167021103e-06
Citrinin,32,96,7,4,1,4560,4560,45600,186732000,0.3481988000276033,0.26577119997818954,0.6139700000057928,0.9999790903800876,0.0007118657343737993,0.009111552172189397,0.0021095311744917327
Citrinin,32,96,7,4,2,4560,4560,91200,373464000,0.7000525000039488,0.2634997999994084,0.9635523000033572,0.9999999075087456,4.7345195625440477e-05,0.0006096381710795074,0.00014005634542592026
Citrinin,32,96,7,4,4,4560,4560,182400,746928000,1.3990448999975342,0.26466570000047795,1.6637105999980122,0.9999999996275085,3.004580707611096e-06,3.870660390536962e-05,8.881222291879728e-06
