Molecule,Class,CID_metadata_only,Formula,Atoms,Cartesian_DOF,Physical_IR_modes,Compact_qubits,Qubit_reduction_percent,Padded_dimension,MMFF_energy_kcal_mol,Strong_negative_modes,Cache_hit,Model_build_time_s,Hessian_time_s,NMA_eigensolve_s,NMA_correlation_s,NMA_fft_s,NMA_end_to_end_s,Dense_exact_compile_s,Dense_exact_propagation_s,Dense_exact_total_s,Krylov_total_s,ST4_r2_compile_s,ST4_r2_propagation_s,ST4_r2_total_s,ST4_validation_end_to_end_s,ST4_vs_NMA_end_to_end_speedup,NMA_cosine_vs_exact,NMA_NRMSE_vs_exact,Krylov_cosine_vs_exact,Krylov_NRMSE_vs_exact,ST4_r2_cosine_vs_exact,ST4_r2_NRMSE_vs_exact,ST4_r2_integrated_abs_error,Time_points,dt_fs,Total_correlation_time_ps,FFT_grid_spacing_cm-1,Peak_process_RSS_MB,Hmw_array_MiB,Compact_statevector_KiB,Compact_dense_operator_MiB,Old_1qubit_per_DOF_dense_matrix_log10_bytes,Hessian_plus_eigensolve_s,Selected_operator_compile_s,Selected_propagation_s,Compression_stage_wall_s,Spectral_reconstruction_total_s,End_to_end_wall_s_this_run,Estimated_NMA_Wh,Estimated_ST4_validation_Wh,Energy_estimate_CPU_W,Scientific_status,Pauli_nonzero_terms,Pauli_retained_terms,Pauli_retained_percent,Pauli_full_reconstruction_relerr,Pauli100_cosine_vs_NMA,Pauli_compressed_cosine_vs_NMA,Pauli_Trotter_cosine_vs_NMA,Pauli_S2_compile_s,Pauli_S2_propagation_s,Pauli_analysis_total_s
Anatoxin-a,cyanotoxin,3034748,C10H15NO,27,81,75,7,91.35802469135803,128,20.47283352805998,0,False,0.09245500000542961,0.2788306000002194,0.012616699998034164,0.017503999988548458,0.000838999985717237,0.4022452999779489,0.013964699988719076,0.25842610001564026,0.27239080000435933,2.2823401000059675,0.4555480999988504,0.2712348000204656,0.726782900019316,1.1106852000229992,0.36215959298784167,1.0,1.7785688134660318e-13,0.9999999999999999,4.466414254970857e-14,0.9999999790525428,2.1841253040342047e-05,5.0994570229414285e-05,4096,2.0,8.19,4.071827333961817,412.03515625,0.05005645751953125,2.0,0.25,49.97097928022088,0.2914472999982536,0.4555480999988504,0.2712348000204656,5.2199689999979455,0.0033129999646916986,21.79711439998937,,,,PRELIMINARY_MMFF_FIXED_CHARGE_ALGORITHM_VALIDATION,8256,83,1.005329457364341,4.006099339397796e-16,1.0,0.3011392655424062,0.30116347023858175,0.06974730000365525,0.2535063000104856,7.593276100000367
Aflatoxin B1,mycotoxin,186907,C17H12O6,35,105,99,7,93.33333333333333,128,70.16102330142914,0,False,0.04124229997978546,0.6492650999862235,0.010767500003566965,0.021410400018794462,0.00014449999434873462,0.7228297999827191,0.008826400007819757,0.2661622999876272,0.27498869999544695,2.3580121000122745,0.7929942999908235,0.26641669997479767,1.0594109999656212,1.760685899935197,0.4105387565205828,1.0000000000000002,1.6809640665161917e-13,0.9999999999999999,6.221462978984731e-14,0.999999999846754,3.029021104018847e-06,7.405716569250837e-06,4096,2.0,8.19,4.071827333961817,513.89453125,0.08411407470703125,2.0,0.25,64.42041907209197,0.6600325999897905,0.7929942999908235,0.26641669997479767,7.624503200000618,0.0033125000481959432,25.01303440000629,,,,PRELIMINARY_MMFF_FIXED_CHARGE_ALGORITHM_VALIDATION,8256,83,1.005329457364341,5.084611427913713e-16,1.0,0.6341024441011797,0.6341265728846857,0.0696946999814827,0.2637932999932673,6.661299500003224
Saxitoxin,marine/cyanobacterial toxin,56947150,C10H17N7O4,38,114,108,7,93.85964912280701,128,-235.43590809220967,0,False,0.06534370000008494,0.913114900002256,0.005108699988340959,0.02710599999409169,0.00016709999181330204,1.010840399976587,0.010025800002040341,0.27531230001477525,0.2853381000168156,2.9089703999925405,1.0414255999785382,0.2790977999975439,1.3205233999760821,2.304090699966764,0.4387155418799998,0.9999999999999999,3.1925904117815865e-13,1.0000000000000002,4.8643765520542016e-14,0.9999999781506028,2.6785223122832322e-05,7.660485282407257e-05,4096,2.0,8.19,4.071827333961817,583.09765625,0.099151611328125,2.0,0.25,69.83895899404364,0.918223599990597,1.0414255999785382,0.2790977999975439,9.778568000008818,0.0033540999866090715,30.55052479999722,,,,PRELIMINARY_MMFF_FIXED_CHARGE_ALGORITHM_VALIDATION,8256,83,1.005329457364341,4.201599296638362e-16,1.0,0.5055323008603609,0.5055515934754669,0.07632779999403283,0.2569859999930486,7.687317500007339
Tetrodotoxin,marine neurotoxin,11174599,C11H17N3O8,39,117,111,7,94.01709401709401,128,-79.92860767507028,0,False,0.0692206000094302,1.131707099993946,0.0062707999895792454,0.03020419998210855,0.0004482999793253839,1.2378509999543894,0.008155900024576113,0.3048939000000246,0.3130498000246007,3.2793537999968976,1.2293359000177588,0.30427600000984967,1.5336119000276085,2.740810400020564,0.45163685891775,1.0,1.8867427585944125e-13,1.0,6.636729505168458e-14,0.9999999676852183,4.59573349076291e-05,9.71435191280654e-05,4096,2.0,8.19,4.071827333961817,626.63671875,0.10443878173828125,2.0,0.25,71.64513896802752,1.1379778999835253,1.2293359000177588,0.30427600000984967,8.23905899998499,0.0032661000441294163,29.13031619999674,,,,PRELIMINARY_MMFF_FIXED_CHARGE_ALGORITHM_VALIDATION,8256,83,1.005329457364341,5.160696278719998e-16,1.0000000000000002,0.48143158848595563,0.4815057983395372,0.11401499999919906,0.3814037000120152,7.294735000003129
Ochratoxin A,mycotoxin,442530,C20H18ClNO6,46,138,132,8,94.20289855072464,256,51.803731097462375,0,False,0.0742593000177294,1.6044896999956109,0.013277999998535961,0.03184830001555383,0.00020569999469444156,1.7240810000221245,0.06698899998445995,0.2940844999975525,0.36107349998201244,3.1433664000069257,1.5876295999914873,0.3047103999997489,1.8923399999912363,3.5843670000031125,0.4810001319676884,1.0,3.220943672686302e-13,0.9999999999999998,1.3896129919851097e-13,0.9999999659036768,4.966121587537035e-05,6.838544004944125e-05,4096,2.0,8.19,4.071827333961817,592.96875,0.145294189453125,4.0,1.0,84.28839878591474,1.6177676999941468,1.5876295999914873,0.3047103999997489,10.787836900010007,0.0028808000206481665,51.61284659997909,,,,PRELIMINARY_MMFF_FIXED_CHARGE_ALGORITHM_VALIDATION,32896,329,1.0001215953307394,6.011886109962174e-16,1.0,0.586845161362357,0.5868748186059228,4.491530100000091,0.29877910000504926,25.32938930002274
Curcumin,bioactive size-matched control,969516,C21H20O6,47,141,135,8,94.32624113475178,256,52.16731861121465,0,False,0.09018539998214692,1.6720398000034038,0.008273500017821789,0.030859299993608147,0.0007234000077005476,1.8020814000046812,0.03179069998441264,0.29412029997911304,0.3259109999635257,3.9764494999835733,1.6512405000103172,0.2940816000045743,1.9453221000148915,3.715820800018264,0.48497532496610807,1.0000000000000002,2.2250971618444396e-13,0.9999999999999998,5.0300631903125916e-14,0.999999965911308,4.8474959604087934e-05,7.291976165262936e-05,4096,2.0,8.19,4.071827333961817,680.3203125,0.15167999267578125,4.0,1.0,86.09457875989862,1.6803133000212256,1.6512405000103172,0.2940816000045743,10.915208399994299,0.0032690000371076167,52.923774499999126,,,,PRELIMINARY_MMFF_FIXED_CHARGE_ALGORITHM_VALIDATION,32896,329,1.0001215953307394,6.424787269623779e-16,1.0,0.5414253117333133,0.5414633271536027,4.566186800017022,0.3000934000010602,25.434791000006953
Zearalenone,mycotoxin,5281576,C18H22O5,45,135,129,8,94.07407407407408,256,38.48099875734292,0,False,0.050787100015440956,1.4461329999903683,0.007327600003918633,0.02959819999523461,0.00015169999096542597,1.5339975999959279,0.02247749999514781,0.2891949999902863,0.3116724999854341,3.959442699997453,1.5161931999900844,0.29425790000823326,1.8104510999983177,3.3146988000080455,0.46278642270368714,1.0,2.0859174553490534e-14,0.9999999999999999,5.4040091164074465e-14,0.9999997747908583,7.200725547410551e-05,0.0002090473949341228,4096,2.0,8.19,4.071827333961817,583.55859375,0.13904571533203125,4.0,1.0,82.48221881193085,1.453460599994287,1.5161931999900844,0.29425790000823326,11.044565599993803,0.0027933000528719276,52.5371662999969,,,,PRELIMINARY_MMFF_FIXED_CHARGE_ALGORITHM_VALIDATION,32896,329,1.0001215953307394,5.844530020908046e-16,1.0000000000000002,0.3945498193893263,0.390551785228672,4.637007300014375,0.29456260000006296,25.796683200023836
Ricinine,plant alkaloid,10666,C8H8N2O2,20,60,54,6,90.0,64,7.927030614822025,0,False,0.01737040001899004,0.09710390001419,0.00045969997881911695,0.012647600000491366,0.00017519999528303742,0.12775680000777356,0.0021801999828312546,0.2646866000141017,0.26686679999693297,2.868362999986857,0.2618265000055544,0.2634623000049032,0.5252888000104576,0.6402228000224568,0.199550531476374,0.9999999999999999,2.0642081261497937e-13,1.0000000000000002,4.3013067859434347e-14,0.9999999992463259,6.195612358766099e-06,1.641765755754098e-05,4096,2.0,8.19,4.071827333961817,577.875,0.0274658203125,1.0,0.0625,37.32771946233367,0.09756359999300912,0.2618265000055544,0.2634623000049032,3.934072899981402,0.003006099897902459,17.013432900013868,,,,PRELIMINARY_MMFF_FIXED_CHARGE_ALGORITHM_VALIDATION,2080,21,1.0096153846153846,4.0075797101488425e-16,1.0000000000000002,0.5173715100530014,0.5173776622844001,0.005368800018914044,0.2646651000250131,4.308709500008263
Patulin,mycotoxin,4696,C7H6O4,17,51,45,6,88.23529411764706,64,-47.61342122583229,0,False,0.007687499979510903,0.062444599985610694,0.0005565999890677631,0.011054800008423626,0.00021089997608214617,0.08195439993869513,0.0023816000029910356,0.26239479999640025,0.2647763999993913,3.006445899984101,0.19342200001119636,0.2583159999921918,0.45173800000338815,0.5224266999575775,0.15687253340104948,1.0000000000000002,1.2276095761155703e-13,0.9999999999999999,7.356675218928249e-14,0.9999999368470511,4.4689868445991605e-05,9.157282931028473e-05,4096,2.0,8.19,4.071827333961817,670.734375,0.01984405517578125,1.0,0.0625,31.909179540382006,0.06300119997467846,0.19342200001119636,0.2583159999921918,3.4202524999855086,0.0033681999484542757,17.366987599991262,,,,PRELIMINARY_MMFF_FIXED_CHARGE_ALGORITHM_VALIDATION,2080,21,1.0096153846153846,4.2147602317502534e-16,1.0,0.3932441644723823,0.3932505827823377,0.00530560000333935,0.2726076999970246,4.309612700017169
T-2 toxin,mycotoxin,5284461,C24H34O9,67,201,195,8,96.01990049751244,256,74.34401441421096,0,False,0.4459923000249546,5.675450200011255,0.019029299990506843,0.04442130000097677,0.00017779998597688973,6.18507090001367,0.023647499998332933,0.28751930000726134,0.31116680000559427,13.4012333000137,3.3378289000247605,0.28713330000755377,3.6249622000323143,9.765434000059031,0.6333636477371392,1.0,9.644089698932902e-14,1.0,1.440632667272203e-13,0.9999998937750221,7.230492242518537e-05,0.00010347598056869159,4096,2.0,8.19,4.071827333961817,598.76171875,0.30823516845703125,4.0,1.0,122.21817823957636,5.694479500001762,3.3378289000247605,0.28713330000755377,18.44797710000421,0.0032846000394783914,79.8762287000136,,,,PRELIMINARY_MMFF_FIXED_CHARGE_ALGORITHM_VALIDATION,32896,329,1.0001215953307394,6.180231614214963e-16,1.0,0.567206076011439,0.5672837107645272,4.632013000024017,0.29718059999868274,25.21206190000521
Citrinin,mycotoxin,54680783,C13H14O5,32,96,90,7,92.70833333333334,128,29.192454332578308,0,False,0.03903100002207793,0.462129100022139,0.002570300013758242,0.021922099986113608,0.00016549997963011265,0.5258180000237189,0.007973100000526756,0.2778589999943506,0.28583209999487735,3.3660536000097636,0.7000525000039488,0.2634997999994084,0.9635523000033572,1.4672827000613324,0.35836175264776154,0.9999999999999999,7.861960707590115e-14,1.0000000000000002,5.4583080551114523e-14,0.9999999075087456,4.7345195625440477e-05,0.00014005634542592026,4096,2.0,8.19,4.071827333961817,543.10546875,0.0703125,2.0,0.25,59.00187915014031,0.46469940003589727,0.7000525000039488,0.2634997999994084,6.514061399997445,0.0028517999162431806,23.931876199989347,,,,PRELIMINARY_MMFF_FIXED_CHARGE_ALGORITHM_VALIDATION,8256,83,1.005329457364341,4.255947198983949e-16,1.0,0.2619593119775753,0.26201013765447906,0.07078579999506474,0.26444609998725355,6.35608910000883
