Molecule,Relative_threshold,Absolute_threshold_rad_per_ps,Retained_pair_couplings,Total_pair_couplings,Retained_percent,Removed_percent,Pair_rotations_per_step,Pair_rotations_full_trajectory,Compile_s,Propagation_s,Total_s,Spectrum_cosine_vs_exact,Spectrum_NRMSE_vs_exact,Spectrum_max_abs_error,Spectrum_integrated_abs_error
Anatoxin-a,0.01,1.548334409305034,1109,3240,34.22839506172839,65.77160493827161,22180,90827100,0.15952310001011938,0.25657179998233914,0.4160948999924585,0.9906466646168973,0.014629384765381517,0.10643496931818464,0.10121428403007761
Aflatoxin B1,0.003,0.5809048077142617,2348,5460,43.00366300366301,56.99633699633699,46960,192301200,0.391106299997773,0.274957000016002,0.666063300013775,0.9981057222368318,0.010689165960661667,0.09410539129379636,0.03958974794263119
Saxitoxin,0.003,0.8220284593856877,2078,6441,32.262071106970964,67.73792889302904,41560,170188200,0.415940100006992,0.3258382999920286,0.7417783999990206,0.9959382858682032,0.01154231016308192,0.10799648740336226,0.05304439763512628
Tetrodotoxin,0.003,0.6899373835657159,2478,6786,36.51635720601238,63.48364279398762,49560,202948200,0.37503980001201853,0.27335170001606457,0.6483915000280831,0.9951787366469944,0.01773585609768121,0.12844937314790517,0.058702308113694375
Ochratoxin A,0.003,0.6780772242378605,2722,9453,28.79509150534222,71.20490849465779,54440,222931800,0.48359100002562627,0.3014433999778703,0.7850344000034966,0.9982406170149585,0.011279147500426964,0.09650436810887575,0.036258466775496136
Curcumin,0.003,0.7047518810582933,2593,9870,26.271529888551164,73.72847011144884,51860,212366700,0.4437841000035405,0.29701700000441633,0.7408011000079568,0.9921440835363335,0.023274241782514665,0.31364839775373576,0.043979606825879626
Zearalenone,0.01,1.8060082430106001,1587,9045,17.545605306799338,82.45439469320067,31740,129975300,0.2690028000215534,0.2922002999985125,0.5612031000200659,0.9928766745866869,0.01282849880411706,0.13625835039895262,0.0841176576287419
Ricinine,0.003,0.5075587921111113,1101,1770,62.20338983050848,37.79661016949152,22020,90171900,0.16723780002212152,0.2717697999905795,0.439007600012701,0.9992160401149937,0.006339967338823103,0.04221116748798026,0.025945864674652975
Patulin,0.003,0.6364257183954289,804,1275,63.05882352941177,36.94117647058823,16080,65847600,0.1192661999957636,0.27166379999835044,0.39092999999411404,0.9988067398872306,0.0061833183339008065,0.04686991971661414,0.033418033747338156
T-2 toxin,0.003,0.7583068126518197,3870,20100,19.253731343283583,80.74626865671641,77400,316953000,0.6464977999858093,0.28973399999085814,0.9362317999766674,0.9972185759396711,0.011693752320242976,0.12116109682031484,0.04148223250795262
Citrinin,0.01,1.7149773866815403,1213,4560,26.600877192982455,73.39912280701755,24260,99344700,0.18734810000751168,0.2537125999806449,0.44106069998815656,0.9936670748531352,0.012492482548409532,0.11513821455802453,0.07201902363288495
