Stage,Wall_time_s
prepare optimize 3d,0.007460399996489286
finite difference hessian,3.7999998312443495e-05
dense nma,0.010838999995030463
full lanczos,0.006777800008421764
eigsh low modes,0.012101200001779944
normalize and pad,5.470000905916095e-05
pauli decomposition,0.012123299995437264
P-recon 100pct,0.05670139999710955
P-recon 10pct,0.0057892000186257064
P-recon 1pct,0.0008555000240448862
exact matrix exponential 1pct,0.0015787000011187047
ST 1pct steps 1,0.0030814000056125224
ST 1pct steps 2,0.003452699980698526
