mode,frequency_cm-1,raw_fixed_charge_intensity,normalized_modal_weight
1,62.02211266641067,0.006584373552987097,0.012475925409201808
2,85.16205735415728,0.00039007367240836933,0.0007391029688545639
3,97.86857019914575,0.0002842580867310604,0.0005386059369930886
4,109.521592557138,0.0008976901517274551,0.0017009234490418545
5,157.64508915474073,0.002734736410984255,0.005181718078827641
6,190.89098599926618,0.004428122142113343,0.00839030791665493
7,219.8352698555002,0.010874567509319076,0.020604890049417908
8,278.9615679456741,0.006598207587996306,0.012502137832827876
9,352.6080176675633,0.0060532693516622774,0.011469600912737575
10,365.5831306524343,0.02012245929913967,0.03812759091590042
11,413.9582759938941,0.014505662416272155,0.027485008385402597
12,437.92438319822816,0.018204044884531305,0.034492621704633006
13,460.0996669329087,0.006030627899876606,0.011426700390560195
14,502.1454643030473,0.0013358227977548931,0.0025310874983909006
15,536.7034856548777,0.034232029762045195,0.06486209302676985
16,606.8079505928226,0.0026800267203422154,0.005078055366784072
17,625.3639560352549,0.0028429530745143327,0.005386764619909964
18,641.66787893546,0.004587118716582964,0.008691571110099005
19,671.2508370272501,0.015583064111369121,0.029526445292893878
20,741.5996314066467,0.0014033965134497206,0.0026591246806447564
21,809.7530599536946,0.01531493772888548,0.029018405352391495
22,847.1905241082994,0.054396066034779096,0.1030684630728529
23,909.8437039130465,0.009867935304556465,0.018697545607299908
24,961.246537220909,0.006307402674820929,0.011951127113856822
25,1058.7320214637698,0.0073634219165357746,0.013952049021505776
26,1087.1386766777534,0.00858465781807068,0.016266019802777254
27,1089.2625968880525,0.003921111174542581,0.007429634746738797
28,1113.7074870205597,0.0061323175135258425,0.011619379621859712
29,1127.2754725346244,0.0032816465682737076,0.006217991351139565
30,1196.1643533072913,0.008539862507797678,0.016181142639422132
31,1226.0362321044245,0.00048088715207168006,0.000911174341979428
32,1239.630925163425,0.011951069707561348,0.022644622610159315
33,1279.6016863706834,0.01972086215165599,0.03736665352128956
34,1338.1751302499367,0.012952991034658568,0.024543040985447673
35,1392.1019782363503,0.020657686039241147,0.039141726707677744
36,1429.7115586634002,0.0012690821260230157,0.0024046287494171002
37,1431.9965380337508,0.005668069096998999,0.010739731988061451
38,1458.0864632473606,0.0003600036969268677,0.0006821270442438545
39,1460.094563497987,4.156744602624998e-05,7.876107755752251e-05
40,1471.3747266667126,0.0003432822144760381,0.0006504435490549788
41,1480.8158778374823,0.017597112404055582,0.033342619461609935
42,1499.635879588963,0.001814438841111489,0.003437958593797582
43,1761.944706456488,0.02088358835681948,0.03956976142369025
44,1773.9218593702083,0.00175041726817326,0.0033166519330910726
45,1826.5356924776902,0.042473738243606174,0.08047830001030186
46,2210.1280673463275,0.038173181693334945,0.07232970055623573
47,2857.063841211766,0.00019546482407546998,0.0003703624263817791
48,2861.715886691648,0.00025283813960334247,0.00047907211595879447
49,2968.230338822357,0.0006801102034867948,0.001288657774419401
50,2969.4818655793433,0.0007786877955358982,0.0014754404160065267
51,2972.5142948676344,0.0006716661839357624,0.0012726582328951004
52,2978.045355022177,0.0009785343399903233,0.0018541052292702018
53,3043.926873981427,0.012530975877112915,0.02374341599687096
54,3066.6517867299603,0.031458226202214265,0.05960635137819194
