Pauli_terms_retained_percent,Pauli_terms_retained,Pauli_nonzero_terms_total,Spectral_cosine,Frequency_MAE_cm-1,Operator_error_relative_Frobenius,Discarded_coefficient_L2_weight
100.0,32896,32896,0.9999999999999999,0.0,0.0,0.0
90.0,29607,32896,0.9999999248917797,0.0015349083514447303,6.649183038984449e-05,4.421163508591844e-09
75.0,24672,32896,0.9999880741965915,0.01792294602524537,0.0003321038236791343,1.1029294970230144e-07
50.0,16448,32896,0.9874563257034786,0.634282470223856,0.005736644274130543,3.290908752791471e-05
40.0,13159,32896,0.9879366115014591,2.0039129312010537,0.015148364764380699,0.00022947295503473062
30.0,9869,32896,0.9269194806000128,4.778765257952478,0.03822468091899339,0.0014611262313588569
25.0,8224,32896,0.7141312975765945,7.251076344425972,0.05763683390796227,0.0033220046229340263
20.0,6580,32896,0.6696692769970848,10.889519740605603,0.08174764276165838,0.00668267709708771
15.0,4935,32896,0.7216962913136471,17.942219707991327,0.11432856895586817,0.013071021679496697
10.0,3290,32896,0.44222849539334363,28.895287916181623,0.16363976955233067,0.026777974179139866
5.0,1645,32896,0.4110263644291895,54.636857541740234,0.23980879678043687,0.05750825901328085
1.0,329,32896,0.39454981938934014,149.10822308968375,0.3798905705956109,0.14431684562745875
